{
  "format_version": "1.21.40",
  "minecraft:atmosphere_settings": {
    "description": {
      "identifier": "va:global_atmosphere"
    },

    "horizon_blend_stops": {
      "min": {
        "0.0": 0.30,
        "0.17": 0.30,
        "0.225": 0.32,
        "0.24": 0.32,
        "0.25": 0.36,
        "0.29": 0.24,
        "0.32": 0.24,
        "0.50": 0.22,
        "0.60": 0.24,
        "0.67": 0.24,
        "0.70": 0.24,
        "0.72": 0.26,
        "0.75": 0.38,
        "0.76": 0.38,
        "0.775": 0.36,
        "0.82": 0.32
      },

      "start": {
        "0.0": 0.30,
        "0.1962499916553497": 0.28,
        "0.25": 0.30,
        "0.34": 0.24,
        "0.6": 0.24,
        "0.6750000119209290": 0.28,
        "0.7487499713897705": 0.40,
        "0.800000": 0.36
      },

      "mie_start": {
        "0.0": 0.32,
        "0.1962499916553497": 0.30,
        "0.25": 0.30,
        "0.34": 0.32,
        "0.6": 0.32,
        "0.6750000119209290": 0.32,
        "0.7487499713897705": 0.26,
        "0.800000": 0.28
      },

      "max": {
        "0.0": 0.36,
        "0.17": 0.36,
        "0.225": 0.36,
        "0.24": 0.36,
        "0.25": 0.36,
        "0.29": 0.28,
        "0.32": 0.28,
        "0.50": 0.24,
        "0.60": 0.28,
        "0.67": 0.30,
        "0.70": 0.30,
        "0.72": 0.40,
        "0.75": 0.48,
        "0.76": 0.48,
        "0.775": 0.42,
        "0.82": 0.38
      }
    },

    "rayleigh_strength": {
      "0.0": 1.05,
      "0.19": 1.05,
      "0.25": 0.90,
      "0.30": 0.65,
      "0.3037499785423279": 0.65,
      "0.3249999880790710": 0.65,
      "0.6": 0.95,
      "0.7074999809265137": 0.75,
      "0.75": 0.65,
      "0.81": 0.80
    },

    "sun_mie_strength": {
      "0.0": 1.6,
      "0.19": 1.9,
      "0.25": 3.2,
      "0.30": 3.4,
      "0.3037499785423279": 3.4,
      "0.3249999880790710": 3.4,
      "0.6": 2.2,
      "0.7074999809265137": 4.0,
      "0.75": 4.8,
      "0.81": 4.0
    },

    "moon_mie_strength": {
      "0.0": 0.0,
      "0.19": 0.0,
      "0.25": 0.0,
      "0.3": 0.0,
      "0.3037499785423279": 0.0,
      "0.3249999880790710": 0.0,
      "0.6": 0.0,
      "0.7074999809265137": 0.0,
      "0.75": 0.0,
      "0.81": 0.0
    },

    "sky_zenith_color": {
      "0.0": [80, 160, 255],
      "0.17": [80, 160, 255],
      "0.225": [145, 165, 180],
      "0.24": [180, 160, 145],
      "0.25": [190, 170, 150],
      "0.29": [35, 95, 125],
      "0.32": [35, 95, 125],
      "0.50": [35, 95, 125],
      "0.60": [35, 95, 125],
      "0.67": [35, 95, 125],
      "0.70": [35, 95, 125],
      "0.72": [145, 170, 190],
      "0.75": [190, 170, 150],
      "0.76": [185, 165, 150],
      "0.775": [170, 165, 170],
      "0.82": [110, 180, 255]
    },

    "sky_horizon_color": {
      "0.0": [140, 215, 255],
      "0.17": [140, 215, 255],
      "0.22": [255, 200, 135],
      "0.24": [255, 175, 110],
      "0.25": [255, 180, 120],
      "0.29": [80, 180, 245],
      "0.32": [80, 180, 245],
      "0.50": [80, 180, 245],
      "0.60": [80, 180, 245],
      "0.67": [80, 180, 245],
      "0.70": [80, 180, 245],
      "0.72": [255, 205, 145],
      "0.75": [255, 185, 125],
      "0.76": [255, 175, 115],
      "0.78": [255, 195, 135],
      "0.82": [150, 225, 255]
    }
  }
}
