{
  "format_version": "1.21.40",
  "minecraft:atmosphere_settings": {
    "description": {
      "identifier": "va:cherry_atmosphere"
    },

    "horizon_blend_stops": {
      "min": {
        "0.0": 0.30,
        "0.17": 0.30,
        "0.225": 0.32,
        "0.24": 0.32,
        "0.25": 0.36,
        "0.29": 0.24,
        "0.32": 0.24,
        "0.50": 0.22,
        "0.60": 0.24,
        "0.67": 0.24,
        "0.70": 0.24,
        "0.72": 0.26,
        "0.75": 0.38,
        "0.76": 0.38,
        "0.775": 0.36,
        "0.82": 0.32
      },

      "start": {
        "0.0": 0.30,
        "0.1962499916553497": 0.28,
        "0.25": 0.30,
        "0.34": 0.24,
        "0.6": 0.24,
        "0.6750000119209290": 0.28,
        "0.7487499713897705": 0.40,
        "0.800000": 0.36
      },

      "mie_start": {
        "0.0": 0.32,
        "0.1962499916553497": 0.30,
        "0.25": 0.30,
        "0.34": 0.32,
        "0.6": 0.32,
        "0.6750000119209290": 0.32,
        "0.7487499713897705": 0.26,
        "0.800000": 0.28
      },

      "max": {
        "0.0": 0.36,
        "0.17": 0.36,
        "0.225": 0.36,
        "0.24": 0.36,
        "0.25": 0.36,
        "0.29": 0.28,
        "0.32": 0.28,
        "0.50": 0.24,
        "0.60": 0.28,
        "0.67": 0.30,
        "0.70": 0.30,
        "0.72": 0.40,
        "0.75": 0.48,
        "0.76": 0.48,
        "0.775": 0.42,
        "0.82": 0.38
      }
    },

    "rayleigh_strength": {
      "0.0": 1.10,
      "0.19": 1.00,
      "0.25": 0.78,
      "0.30": 0.62,
      "0.3037499785423279": 0.62,
      "0.3249999880790710": 0.62,
      "0.6": 0.92,
      "0.7074999809265137": 0.72,
      "0.75": 0.66,
      "0.81": 0.82
    },

    "sun_mie_strength": {
      "0.0": 1.8,
      "0.19": 2.1,
      "0.25": 4.2,
      "0.30": 4.6,
      "0.3037499785423279": 4.6,
      "0.3249999880790710": 4.6,
      "0.6": 2.6,
      "0.7074999809265137": 4.6,
      "0.75": 5.4,
      "0.81": 4.4
    },

    "moon_mie_strength": {
      "0.0": 0.06,
      "0.19": 0.08,
      "0.25": 0.12,
      "0.3": 0.14,
      "0.3037499785423279": 0.14,
      "0.3249999880790710": 0.14,
      "0.6": 0.10,
      "0.7074999809265137": 0.10,
      "0.75": 0.10,
      "0.81": 0.10
    },

    "sky_zenith_color": {
      "0.0": [190, 200, 245],
      "0.17": [180, 195, 250],
      "0.225": [165, 160, 230],
      "0.24": [195, 165, 220],
      "0.25": [205, 170, 215],
      "0.29": [95, 125, 200],
      "0.32": [85, 115, 200],
      "0.50": [100, 150, 235],
      "0.60": [110, 160, 245],
      "0.67": [120, 150, 230],
      "0.70": [125, 155, 235],
      "0.72": [200, 170, 205],
      "0.75": [220, 170, 170],
      "0.76": [215, 165, 170],
      "0.775": [200, 170, 185],
      "0.82": [170, 200, 255]
    },

    "sky_horizon_color": {
      "0.0": [225, 190, 235],
      "0.17": [230, 185, 240],
      "0.22": [255, 175, 220],
      "0.24": [255, 155, 205],
      "0.25": [255, 165, 210],
      "0.29": [140, 170, 235],
      "0.32": [130, 165, 230],
      "0.50": [120, 170, 240],
      "0.60": [130, 175, 245],
      "0.67": [140, 180, 245],
      "0.70": [145, 185, 250],
      "0.72": [255, 190, 150],
      "0.75": [255, 170, 165],
      "0.76": [255, 160, 155],
      "0.78": [255, 185, 175],
      "0.82": [200, 220, 255]
    }
  }
}
