{
  "format_version": "1.21.40",
  "minecraft:atmosphere_settings": {
    "description": {
      "identifier": "va:desert_atmosphere"
    },

    "horizon_blend_stops": {
      "min": {
        "0.0": 0.28,
        "0.17": 0.28,
        "0.225": 0.30,
        "0.24": 0.30,
        "0.25": 0.34,
        "0.29": 0.26,
        "0.32": 0.26,
        "0.50": 0.24,
        "0.60": 0.26,
        "0.67": 0.26,
        "0.70": 0.26,
        "0.72": 0.30,
        "0.75": 0.40,
        "0.76": 0.40,
        "0.775": 0.38,
        "0.82": 0.34
      },

      "start": {
        "0.0": 0.30,
        "0.1962499916553497": 0.30,
        "0.25": 0.32,
        "0.34": 0.28,
        "0.6": 0.28,
        "0.6750000119209290": 0.30,
        "0.7487499713897705": 0.42,
        "0.800000": 0.38
      },

      "mie_start": {
        "0.0": 0.34,
        "0.1962499916553497": 0.32,
        "0.25": 0.32,
        "0.34": 0.34,
        "0.6": 0.34,
        "0.6750000119209290": 0.34,
        "0.7487499713897705": 0.30,
        "0.800000": 0.30
      },

      "max": {
        "0.0": 0.38,
        "0.17": 0.38,
        "0.225": 0.38,
        "0.24": 0.38,
        "0.25": 0.38,
        "0.29": 0.30,
        "0.32": 0.30,
        "0.50": 0.26,
        "0.60": 0.30,
        "0.67": 0.32,
        "0.70": 0.32,
        "0.72": 0.42,
        "0.75": 0.50,
        "0.76": 0.50,
        "0.775": 0.44,
        "0.82": 0.40
      }
    },

    "rayleigh_strength": {
      "0.0": 0.85,
      "0.19": 0.85,
      "0.25": 0.70,
      "0.30": 0.55,
      "0.3037499785423279": 0.55,
      "0.3249999880790710": 0.55,
      "0.6": 0.75,
      "0.7074999809265137": 0.60,
      "0.75": 0.55,
      "0.81": 0.65
    },

    "sun_mie_strength": {
      "0.0": 2.4,
      "0.19": 2.8,
      "0.25": 4.6,
      "0.30": 5.0,
      "0.3037499785423279": 5.0,
      "0.3249999880790710": 5.0,
      "0.6": 3.4,
      "0.7074999809265137": 5.2,
      "0.75": 6.0,
      "0.81": 5.0
    },

    "moon_mie_strength": {
      "0.0": 0.0,
      "0.19": 0.0,
      "0.25": 0.0,
      "0.3": 0.0,
      "0.3037499785423279": 0.0,
      "0.3249999880790710": 0.0,
      "0.6": 0.0,
      "0.7074999809265137": 0.0,
      "0.75": 0.0,
      "0.81": 0.0
    },

    "sky_zenith_color": {
      "0.0": [155, 195, 235],
      "0.17": [155, 195, 235],
      "0.225": [190, 185, 170],
      "0.24": [210, 190, 165],
      "0.25": [220, 195, 170],
      "0.29": [125, 165, 215],
      "0.32": [125, 165, 215],
      "0.50": [135, 175, 225],
      "0.60": [145, 185, 235],
      "0.67": [150, 190, 235],
      "0.70": [150, 190, 235],
      "0.72": [220, 195, 165],
      "0.75": [235, 190, 145],
      "0.76": [230, 185, 140],
      "0.775": [215, 185, 155],
      "0.82": [165, 205, 245]
    },

    "sky_horizon_color": {
      "0.0": [235, 215, 170],
      "0.17": [235, 215, 170],
      "0.22": [255, 215, 145],
      "0.24": [255, 200, 125],
      "0.25": [255, 205, 135],
      "0.29": [180, 200, 215],
      "0.32": [180, 200, 215],
      "0.50": [175, 200, 220],
      "0.60": [180, 205, 225],
      "0.67": [185, 210, 230],
      "0.70": [185, 210, 230],
      "0.72": [255, 220, 160],
      "0.75": [255, 205, 145],
      "0.76": [255, 195, 135],
      "0.78": [255, 215, 155],
      "0.82": [200, 225, 245]
    }
  }
}
