{
  "format_version": "1.21.40",
  "minecraft:atmosphere_settings": {
    "description": {
      "identifier": "va:pale_atmosphere"
    },

    "horizon_blend_stops": {
      "min": {
        "0.0": 0.28,
        "0.17": 0.28,
        "0.225": 0.30,
        "0.24": 0.30,
        "0.25": 0.34,
        "0.29": 0.22,
        "0.32": 0.22,
        "0.50": 0.20,
        "0.60": 0.22,
        "0.67": 0.22,
        "0.70": 0.22,
        "0.72": 0.24,
        "0.75": 0.34,
        "0.76": 0.34,
        "0.775": 0.32,
        "0.82": 0.30
      },

      "start": {
        "0.0": 0.28,
        "0.1962499916553497": 0.26,
        "0.25": 0.28,
        "0.34": 0.22,
        "0.6": 0.22,
        "0.6750000119209290": 0.26,
        "0.7487499713897705": 0.36,
        "0.800000": 0.32
      },

      "mie_start": {
        "0.0": 0.30,
        "0.1962499916553497": 0.28,
        "0.25": 0.28,
        "0.34": 0.30,
        "0.6": 0.30,
        "0.6750000119209290": 0.30,
        "0.7487499713897705": 0.26,
        "0.800000": 0.26
      },

      "max": {
        "0.0": 0.34,
        "0.17": 0.34,
        "0.225": 0.34,
        "0.24": 0.34,
        "0.25": 0.34,
        "0.29": 0.26,
        "0.32": 0.26,
        "0.50": 0.22,
        "0.60": 0.26,
        "0.67": 0.28,
        "0.70": 0.28,
        "0.72": 0.36,
        "0.75": 0.44,
        "0.76": 0.44,
        "0.775": 0.38,
        "0.82": 0.36
      }
    },

    "rayleigh_strength": {
      "0.0": 1.25,
      "0.19": 1.20,
      "0.25": 1.00,
      "0.30": 0.75,
      "0.3037499785423279": 0.75,
      "0.3249999880790710": 0.75,
      "0.6": 1.05,
      "0.7074999809265137": 0.85,
      "0.75": 0.78,
      "0.81": 0.92
    },

    "sun_mie_strength": {
      "0.0": 1.2,
      "0.19": 1.4,
      "0.25": 2.4,
      "0.30": 2.8,
      "0.3037499785423279": 2.8,
      "0.3249999880790710": 2.8,
      "0.6": 2.0,
      "0.7074999809265137": 2.6,
      "0.75": 3.0,
      "0.81": 2.6
    },

    "moon_mie_strength": {
      "0.0": 0.18,
      "0.19": 0.18,
      "0.25": 0.22,
      "0.3": 0.26,
      "0.3037499785423279": 0.26,
      "0.3249999880790710": 0.26,
      "0.6": 0.24,
      "0.7074999809265137": 0.22,
      "0.75": 0.22,
      "0.81": 0.20
    },

    "sky_zenith_color": {
      "0.0": [200, 215, 235],
      "0.17": [195, 210, 235],
      "0.225": [185, 200, 225],
      "0.24": [190, 200, 220],
      "0.25": [195, 205, 225],
      "0.29": [135, 160, 205],
      "0.32": [135, 160, 205],
      "0.50": [150, 180, 225],
      "0.60": [160, 190, 235],
      "0.67": [165, 195, 240],
      "0.70": [165, 195, 240],
      "0.72": [200, 210, 225],
      "0.75": [210, 215, 220],
      "0.76": [205, 210, 215],
      "0.775": [195, 205, 215],
      "0.82": [175, 210, 245]
    },

    "sky_horizon_color": {
      "0.0": [220, 230, 240],
      "0.17": [220, 230, 240],
      "0.22": [230, 235, 240],
      "0.24": [235, 235, 235],
      "0.25": [240, 240, 240],
      "0.29": [180, 205, 235],
      "0.32": [180, 205, 235],
      "0.50": [185, 210, 240],
      "0.60": [190, 215, 245],
      "0.67": [195, 220, 250],
      "0.70": [195, 220, 250],
      "0.72": [235, 235, 230],
      "0.75": [240, 235, 230],
      "0.76": [235, 230, 225],
      "0.78": [240, 235, 230],
      "0.82": [210, 235, 255]
    }
  }
}
