{
  "format_version": "1.21.40",
  "minecraft:atmosphere_settings": {
    "description": {
      "identifier": "va:snow_atmosphere"
    },

    "rayleigh_strength": {
      "0.0": 1.20,
      "0.19": 1.20,
      "0.225": 1.10,
      "0.24": 1.05,
      "0.25": 1.00,
      "0.30": 0.75,
      "0.3037499785423279": 0.75,
      "0.3249999880790710": 0.75,
      "0.6": 1.05,
      "0.7074999809265137": 0.85,
      "0.75": 0.75,
      "0.81": 0.90
    },

    "sun_mie_strength": {
      "0.0": 1.4,
      "0.19": 1.6,
      "0.225": 2.4,
      "0.24": 2.6,
      "0.25": 2.8,
      "0.30": 3.0,
      "0.3037499785423279": 3.0,
      "0.3249999880790710": 3.0,
      "0.6": 2.0,
      "0.7074999809265137": 3.4,
      "0.75": 4.0,
      "0.81": 3.4
    },

    "sky_zenith_color": {
      "0.0": [170, 205, 240],
      "0.17": [170, 205, 240],
      "0.225": [170, 200, 235],
      "0.24": [185, 210, 240],
      "0.25": [195, 220, 245],
      "0.29": [135, 180, 225],
      "0.32": [135, 180, 225],
      "0.50": [145, 190, 235],
      "0.60": [155, 200, 240],
      "0.67": [160, 205, 245],
      "0.70": [160, 205, 245],
      "0.72": [205, 215, 230],
      "0.75": [215, 205, 200],
      "0.76": [210, 200, 195],
      "0.775": [200, 200, 205],
      "0.82": [175, 215, 255]
    },

    "sky_horizon_color": {
      "0.0": [210, 230, 245],
      "0.17": [210, 230, 245],
      "0.22": [205, 225, 245],
      "0.24": [215, 235, 250],
      "0.25": [225, 240, 255],
      "0.29": [170, 210, 240],
      "0.32": [170, 210, 240],
      "0.50": [175, 215, 245],
      "0.60": [180, 220, 250],
      "0.67": [185, 225, 250],
      "0.70": [185, 225, 250],
      "0.72": [240, 235, 230],
      "0.75": [245, 230, 220],
      "0.76": [240, 225, 215],
      "0.78": [245, 235, 225],
      "0.82": [210, 235, 255]
    }
  }
}
